sensor,mean,std,pct_out_of_control,n_out_of_control
40,78.9674251497006,3.865525255237865,5.88235294117647,10
199,8.925976331360946,4.099298912114733,2.941176470588235,5
389,0.00031705882352941176,0.0001264099045761015,2.941176470588235,5
251,0.000988235294117647,0.0004236811809906744,1.7647058823529411,3
312,0.12394023668639054,0.050504277658911315,1.7647058823529411,3
448,0.2604556213017752,0.11075337566498399,1.7647058823529411,3
523,0.09984352941176469,0.042880981417770754,1.7647058823529411,3
31,3.3988005917159763,0.07402950224085487,0.5882352941176471,1
116,0.9904623529411765,0.0008364444998460259,0.0,0
